"A",40.255,"4/4/2016","10:48am",-0.055,40.320,40.520,40.180,628445
"AA",9.565,"4/4/2016","10:49am",-0.065,9.580,9.765,9.460,7165764
"AAL",40.0801,"4/4/2016","10:48am",+0.5601,39.8100,40.2400,39.1511,2686890
"AAP",160.11,"4/4/2016","10:49am",-0.31,161.21,164.13,159.71,346782
"AAPL",111.715,"4/4/2016","10:49am",+1.725,110.410,112.190,110.270,13811844
"ABBV",58.68,"4/4/2016","10:49am",+1.26,57.64,58.90,57.49,1546105
"ABC",87.43,"4/4/2016","10:49am",+0.92,86.74,87.54,86.61,486993
"ABT",42.465,"4/4/2016","10:49am",+0.275,42.340,42.565,42.160,813683
"ACN",115.14,"4/4/2016","10:49am",-1.21,116.08,116.20,115.12,587757
"ADBE",94.60,"4/4/2016","10:49am",-0.56,95.42,96.28,94.56,732313
"ADI",58.77,"4/4/2016","10:48am",-0.21,58.97,58.97,58.69,224411
"ADM",36.44,"4/4/2016","10:49am",-0.03,36.33,36.53,36.02,524525
"ADP",89.87,"4/4/2016","10:49am",-0.39,90.08,90.40,89.85,309962
"ADS",219.39,"4/4/2016","10:48am",-1.73,221.20,221.58,219.26,51875
"ADSK",58.46,"4/4/2016","10:49am",+0.69,57.80,58.55,57.01,377785
"ADT",41.32,"4/4/2016","10:48am",+0.00,41.30,41.37,41.30,712514
"AEE",50.63,"4/4/2016","10:49am",+0.09,50.57,51.06,50.37,659269
"AEP",66.4201,"4/4/2016","10:49am",-0.5899,67.0700,67.1900,66.2100,337903
"AES",11.515,"4/4/2016","10:49am",-0.055,11.560,11.655,11.470,854953
"AET",113.13,"4/4/2016","10:49am",-0.58,113.48,113.69,112.61,401535
"AFL",63.88,"4/4/2016","10:48am",-0.24,64.14,64.15,63.84,257556
"AGN",274.04,"4/4/2016","10:49am",+5.95,268.86,274.25,268.50,775686
"AIG",54.55,"4/4/2016","10:49am",-0.34,54.88,54.90,54.54,946358
"AIV",42.11,"4/4/2016","10:48am",+0.08,42.02,42.17,41.84,203368
"AIZ",77.83,"4/4/2016","10:48am",-0.28,78.08,78.38,77.82,97837
"AKAM",55.59,"4/4/2016","10:48am",+0.37,55.17,55.84,54.76,185106
"ALL",68.01,"4/4/2016","10:49am",-0.22,68.15,68.24,67.94,170815
"ALLE",65.24,"4/4/2016","10:48am",-0.14,65.37,65.84,65.24,120698
"ALXN",146.435,"4/4/2016","10:49am",+3.495,143.480,147.350,143.090,499665
"AMAT",21.365,"4/4/2016","10:49am",-0.055,21.350,21.460,21.300,1766747
"AME",49.54,"4/4/2016","10:49am",-0.57,50.17,50.17,49.39,256927
"AMG",163.22,"4/4/2016","10:48am",-0.67,164.16,164.17,162.65,53532
"AMGN",154.67,"4/4/2016","10:49am",+0.51,154.00,155.44,153.70,648527
"AMP",93.47,"4/4/2016","10:48am",-1.20,94.37,94.37,93.34,171576
"AMT",104.48,"4/4/2016","10:48am",-0.02,104.70,104.88,104.12,209500
"AMZN",594.455,"4/4/2016","10:49am",-4.045,599.000,599.500,592.570,860276
"AN",45.5275,"4/4/2016","10:48am",-0.3125,45.9100,46.1700,45.2800,239601
"ANTM",142.91,"4/4/2016","10:49am",+1.06,141.79,143.00,141.29,592066
"AON",104.86,"4/4/2016","10:48am",-0.01,104.63,105.24,104.62,116664
"APA",48.055,"4/4/2016","10:48am",+0.555,47.540,48.290,46.865,750534
"APC",46.215,"4/4/2016","10:49am",+0.405,45.920,46.640,45.150,991220
"APD",143.34,"4/4/2016","10:48am",-1.97,143.73,144.08,142.82,231609
"APH",58.29,"4/4/2016","10:49am",-0.19,58.62,58.63,58.24,160187
"ARG",142.01,"4/4/2016","10:48am",+0.01,141.95,142.19,141.91,110452
"ATVI",34.145,"4/4/2016","10:49am",-0.275,34.420,34.660,34.050,1077421
"AVB",189.21,"4/4/2016","10:48am",-0.66,190.10,190.83,189.12,74285
"AVGO",156.45,"4/4/2016","10:49am",-1.35,158.00,158.33,156.01,401386
"AVY",72.59,"4/4/2016","10:48am",-0.27,73.00,73.03,72.59,94736
"AWK",69.01,"4/4/2016","10:48am",-0.49,69.50,69.83,68.95,203606
"AXP",60.86,"4/4/2016","10:49am",-0.24,61.01,61.06,60.53,684856
"AZO",792.18,"4/4/2016","10:49am",-13.22,803.12,803.80,791.50,65006
"BA",127.57,"4/4/2016","10:49am",+0.61,126.54,127.94,125.88,1545371
"BAC",13.60,"4/4/2016","10:49am",+0.04,13.54,13.65,13.41,19009780
"BAX",42.08,"4/4/2016","10:48am",+0.39,41.75,42.14,41.61,896812
"BBBY",49.55,"4/4/2016","10:48am",+0.04,49.37,49.75,49.25,436172
"BBT",33.73,"4/4/2016","10:49am",+0.22,33.47,33.83,33.34,1194620
"BBY",32.51,"4/4/2016","10:49am",+0.39,32.15,32.56,32.12,710264
"BCR",205.98,"4/4/2016","10:49am",+1.29,204.15,206.07,204.00,114900
"BDX",154.955,"4/4/2016","10:49am",+1.465,153.990,155.210,153.550,241308
"BEN",39.19,"4/4/2016","10:49am",-0.27,39.57,39.57,39.02,275730
"BF-B",97.94,"4/4/2016","10:48am",-1.23,99.02,99.79,97.93,124418
"BHI",42.29,"4/4/2016","10:49am",-0.66,41.80,42.58,41.02,1124983
"BIIB",262.99,"4/4/2016","10:49am",+2.45,260.79,264.75,260.04,621124
"BK",37.02,"4/4/2016","10:48am",+0.09,36.92,37.19,36.81,976886
"BLK",339.80,"4/4/2016","10:48am",-2.73,342.00,343.29,339.38,77096
"BLL",70.77,"4/4/2016","10:49am",-0.84,71.45,71.92,70.66,196012
"BMY",65.59,"4/4/2016","10:49am",+0.68,65.01,65.68,64.77,975022
"BRK-B",143.27,"4/4/2016","10:49am",-0.52,143.99,143.99,143.23,673976
"BSX",19.165,"4/4/2016","10:49am",+0.225,18.950,19.200,18.930,2453600
"BWA",35.7601,"4/4/2016","10:48am",-1.9199,37.5500,37.6700,35.5100,945895
"BXLT",41.57,"4/4/2016","10:49am",+0.75,41.05,41.65,40.96,1765140
"BXP",127.345,"4/4/2016","10:48am",+0.055,127.260,127.820,126.990,47842
"C",42.505,"4/4/2016","10:49am",+0.035,42.360,42.700,42.070,4541312
"CA",30.95,"4/4/2016","10:49am",-0.04,31.05,31.10,30.86,275897
"CAG",44.93,"4/4/2016","10:49am",-0.83,45.30,45.45,44.74,827716
"CAH",82.79,"4/4/2016","10:49am",+0.63,82.29,83.27,82.29,366267
"CAM",66.01,"4/1/2016","8:00pm",+0.00,66.01,N/A,N/A,0
"CAT",76.65,"4/4/2016","10:49am",-0.14,76.56,77.04,76.21,997425
"CB",121.26,"4/4/2016","10:49am",+0.41,123.00,123.14,120.84,716753
"CBG",29.33,"4/4/2016","10:48am",+0.22,29.15,29.61,29.02,393780
"CBS",55.24,"4/4/2016","10:48am",+0.07,55.30,55.65,55.05,427314
"CCE",51.93,"4/4/2016","10:49am",+0.45,51.59,52.06,51.51,473957
"CCI",87.39,"4/4/2016","10:49am",+0.28,87.35,87.48,87.00,265844
"CCL",52.795,"4/4/2016","10:49am",+0.045,52.800,52.940,52.525,733887
"CELG",101.63,"4/4/2016","10:49am",+0.44,101.90,102.39,101.07,1303548
"CERN",54.45,"4/4/2016","10:49am",+0.37,54.14,54.86,54.04,533840
"CF",32.12,"4/4/2016","10:48am",-0.01,31.89,32.32,31.52,410673
"CFG",21.43,"4/4/2016","10:48am",+0.08,21.30,21.51,21.11,972593
"CHD",92.41,"4/4/2016","10:48am",-1.29,93.88,93.88,92.39,133182
"CHK",3.85,"4/4/2016","10:49am",+0.02,3.86,3.90,3.68,9256192
"CHRW",74.5105,"4/4/2016","10:48am",+0.8605,73.7200,74.5700,73.3900,207675
"CI",137.25,"4/4/2016","10:48am",+0.09,137.00,137.39,136.37,702505
"CINF",65.605,"4/4/2016","10:46am",-0.355,66.010,66.010,65.600,48535
"CL",70.89,"4/4/2016","10:49am",-0.31,70.87,71.27,70.59,599052
"CLX",126.73,"4/4/2016","10:49am",-0.65,127.49,128.15,126.61,178120
"CMA",39.00,"4/4/2016","10:49am",+1.32,37.98,39.31,37.82,1506355
"CMCSA",61.21,"4/4/2016","10:49am",-0.66,61.51,61.81,61.21,2121377
"CME",96.41,"4/4/2016","10:48am",-0.54,96.87,96.87,95.66,166865
"CMG",472.06,"4/4/2016","10:48am",+7.25,466.49,473.17,463.01,196695
"CMI",110.42,"4/4/2016","10:48am",+0.30,110.11,110.71,109.04,245725
"CMS",42.31,"4/4/2016","10:49am",-0.40,42.75,42.87,42.16,373076
"CNC",61.50,"4/4/2016","10:49am",-0.29,62.25,62.38,61.34,414140
"CNP",20.99,"4/4/2016","10:48am",-0.21,21.18,21.19,20.91,650453
"COF",70.31,"4/4/2016","10:49am",-0.49,70.59,70.89,70.06,338732
"COG",23.11,"4/4/2016","10:49am",+0.60,22.61,23.34,22.50,1855743
"COH",40.75,"4/4/2016","10:49am",+0.23,40.62,40.89,40.30,552096
"COL",92.73,"4/4/2016","10:47am",-0.06,92.57,93.19,92.11,62094
"COP",40.19,"4/4/2016","10:49am",+0.41,39.79,40.34,39.20,2340868
"COST",157.05,"4/4/2016","10:49am",-1.20,158.68,158.99,157.02,276461
"CPB",64.56,"4/4/2016","10:49am",-0.60,65.15,65.35,64.09,373389
"CPGX",25.14,"4/4/2016","10:48am",+0.06,25.12,25.18,25.08,3022633
"CRM",75.955,"4/4/2016","10:49am",+0.225,75.850,76.440,75.620,910715
"CSCO",28.09,"4/4/2016","10:49am",-0.60,28.40,28.41,28.09,5006279
"CSRA",27.01,"4/4/2016","10:49am",-0.26,27.32,27.32,26.94,227752
"CSX",25.66,"4/4/2016","10:49am",+0.04,25.53,25.74,25.22,4757459
"CTAS",89.24,"4/4/2016","10:49am",-0.83,90.32,90.98,89.24,79669
"CTL",32.45,"4/4/2016","10:48am",+0.27,32.20,32.68,32.16,1075897
"CTSH",62.105,"4/4/2016","10:49am",-1.015,63.120,63.140,61.990,686488
"CTXS",78.7521,"4/4/2016","10:49am",-0.7879,79.6300,79.9000,78.7521,168896
"CVC",32.96,"4/4/2016","10:48am",+0.01,32.96,33.00,32.90,510500
"CVS",103.93,"4/4/2016","10:49am",-0.89,103.89,104.56,103.76,1105830
"CVX",93.92,"4/4/2016","10:49am",-0.34,94.44,94.48,93.50,1721776
"CXO",101.55,"4/4/2016","10:49am",+0.42,101.73,102.26,100.26,240362
"D",74.63,"4/4/2016","10:49am",-0.76,75.22,75.22,74.43,370923
"DAL",47.965,"4/4/2016","10:49am",+0.955,47.110,48.320,46.760,2976950
"DD",63.63,"4/4/2016","10:48am",-0.28,63.64,63.97,63.38,357752
"DE",76.67,"4/4/2016","10:48am",+0.17,76.28,76.85,76.10,630719
"DFS",51.06,"4/4/2016","10:49am",-0.33,51.34,51.38,50.92,387505
"DG",86.14,"4/4/2016","10:49am",-1.17,87.21,87.31,86.05,496528
"DGX",71.97,"4/4/2016","10:49am",-0.20,72.33,72.64,71.97,97590
"DHI",29.92,"4/4/2016","10:49am",-0.48,30.36,30.39,29.85,529555
"DHR",94.02,"4/4/2016","10:49am",-1.61,94.93,94.93,94.01,670409
"DIS",98.88,"4/4/2016","10:49am",-0.19,99.30,99.44,98.80,1007569
"DISCA",28.93,"4/4/2016","10:49am",+0.03,29.00,29.26,28.79,417110
"DISCK",27.41,"4/4/2016","10:48am",-0.07,27.50,27.78,27.35,455204
"DLPH",71.25,"4/4/2016","10:48am",-2.44,73.30,73.48,70.54,1011345
"DLTR",82.65,"4/4/2016","10:48am",-0.66,83.47,83.68,82.63,1006513
"DNB",103.87,"4/4/2016","10:48am",-0.43,104.18,104.44,102.89,27085
"DO",21.19,"4/4/2016","10:48am",+0.22,20.98,21.24,20.53,351386
"DOV",63.93,"4/4/2016","10:48am",-0.21,64.06,64.36,63.40,236025
"DOW",50.91,"4/4/2016","10:48am",-0.23,50.87,51.13,50.69,810579
"DPS",90.64,"4/4/2016","10:49am",-0.66,91.48,91.80,90.58,234209
"DRI",66.949,"4/4/2016","10:49am",-0.091,67.410,68.620,66.900,911610
"DTE",90.11,"4/4/2016","10:49am",-0.94,91.05,91.23,89.84,171817
"DUK",80.85,"4/4/2016","10:48am",-0.28,81.15,81.38,80.40,402502
"DVA",74.19,"4/4/2016","10:48am",+0.22,74.18,74.46,73.33,125641
"DVN",27.05,"4/4/2016","10:49am",+0.44,26.72,27.29,26.22,2375064
"EA",65.52,"4/4/2016","10:48am",-0.40,66.00,66.49,65.45,379628
"EBAY",24.00,"4/4/2016","10:49am",+0.12,23.40,24.14,23.40,4503540
"ECL",112.07,"4/4/2016","10:49am",-0.35,111.97,112.82,111.69,281780
"ED",76.27,"4/4/2016","10:49am",-0.72,77.00,77.15,76.09,341899
"EFX",115.68,"4/4/2016","10:49am",-0.91,116.59,116.79,115.68,77467
"EIX",71.37,"4/4/2016","10:49am",-0.57,72.00,72.38,71.03,606241
"EL",94.89,"4/4/2016","10:48am",-0.76,95.80,95.80,94.85,99355
"EMC",26.89,"4/4/2016","10:49am",+0.06,26.80,26.89,26.76,819308
"EMN",72.42,"4/4/2016","10:48am",-1.24,73.36,73.46,72.40,166646
"EMR",54.32,"4/4/2016","10:49am",-0.43,54.78,54.84,54.21,487721
"ENDP",29.30,"4/4/2016","10:49am",+0.62,29.28,29.71,29.03,1666733
"EOG",72.34,"4/4/2016","10:48am",+0.30,72.48,72.63,71.34,644908
"EQIX",332.80,"4/4/2016","10:48am",+2.86,331.95,332.88,330.34,83969
"EQR",74.5875,"4/4/2016","10:49am",-0.5825,75.2600,75.4900,74.5000,286215
"EQT",67.49,"4/4/2016","10:48am",+0.75,67.11,67.90,66.29,212069
"ES",58.48,"4/4/2016","10:48am",-0.32,58.87,59.09,58.28,163564
"ESRX",69.61,"4/4/2016","10:49am",+0.50,69.62,70.37,69.48,1278993
"ESS",233.88,"4/4/2016","10:48am",+1.06,233.15,234.99,232.73,59295
"ETFC",24.90,"4/4/2016","10:49am",-0.07,24.95,25.11,24.63,535426
"ETN",63.13,"4/4/2016","10:49am",-0.53,62.89,63.33,62.52,630422
"ETR",79.02,"4/4/2016","10:49am",-0.95,79.95,80.00,78.74,279112
"EW",105.86,"4/4/2016","10:49am",+15.94,102.21,106.10,100.90,3865360
"EXC",35.6402,"4/4/2016","10:49am",-0.0198,35.6900,35.7700,35.5050,1328774
"EXPD",48.58,"4/4/2016","10:48am",-0.27,48.30,48.67,48.11,303923
"EXPE",105.55,"4/4/2016","10:49am",-2.65,108.32,108.62,105.33,729002
"EXR",93.18,"4/4/2016","10:48am",-0.33,93.94,94.16,92.94,128344
"F",12.85,"4/4/2016","10:49am",-0.25,13.11,13.12,12.83,14202499
"FAST",48.12,"4/4/2016","10:49am",-0.81,48.75,48.77,47.77,861763
"FB",112.4722,"4/4/2016","10:49am",-3.5878,114.1000,114.5500,112.2000,20805511
"FCX",10.03,"4/4/2016","10:49am",+0.14,9.91,10.09,9.68,9977215
"FDX",165.05,"4/4/2016","10:49am",+1.38,163.88,165.51,163.25,440111
"FE",35.963,"4/4/2016","10:49am",-0.067,35.990,36.130,35.830,676792
"FFIV",104.615,"4/4/2016","10:49am",-0.965,105.360,105.360,104.510,137190
"FIS",64.45,"4/4/2016","10:49am",-0.56,65.11,65.35,64.45,337208
"FISV",102.29,"4/4/2016","10:48am",-1.08,103.30,103.49,102.24,194301
"FITB",16.9099,"4/4/2016","10:49am",+0.1099,16.8200,17.0100,16.6300,1594913
"FLIR",32.88,"4/4/2016","10:48am",-0.10,33.02,33.33,32.67,107962
"FLR",53.31,"4/4/2016","10:49am",-0.20,53.51,53.93,53.09,172310
"FLS",43.09,"4/4/2016","10:49am",-0.82,43.49,43.61,42.80,360322
"FMC",39.54,"4/4/2016","10:48am",-0.75,40.10,40.22,39.47,208147
"FOX",29.06,"4/4/2016","10:49am",-0.06,29.08,29.30,28.96,651826
"FOXA",28.64,"4/4/2016","10:48am",+0.05,28.57,28.89,28.45,1821546
"FRT",157.21,"4/4/2016","10:48am",+0.12,157.11,158.09,157.10,83364
"FSLR",68.2311,"4/4/2016","10:49am",+0.7511,67.3600,69.0100,67.2500,527925
"FTI",27.125,"4/4/2016","10:48am",-0.115,27.080,27.190,26.720,661070
"FTR",5.405,"4/4/2016","10:48am",-0.065,5.500,5.515,5.390,4667793
"GAS",65.36,"4/4/2016","10:49am",-0.15,65.48,65.58,65.32,138517
"GD",132.25,"4/4/2016","10:48am",-0.09,132.29,133.07,131.93,354693
"GE",31.25,"4/4/2016","10:49am",-0.68,31.69,31.71,31.25,11429267
"GGP",29.53,"4/4/2016","10:48am",+0.03,29.51,29.73,29.45,965775
"GILD",94.49,"4/4/2016","10:49am",+0.37,94.35,94.89,93.75,2658278
"GIS",64.523,"4/4/2016","10:49am",-0.437,65.000,65.200,64.140,1414502
"GLW",20.82,"4/4/2016","10:49am",-0.01,20.79,20.89,20.77,952584
"GM",29.85,"4/4/2016","10:49am",-0.62,30.40,30.48,29.81,3867015
"GME",31.13,"4/4/2016","10:48am",-0.21,31.39,31.42,31.06,236176
"GOOG",745.00,"4/4/2016","10:49am",-4.91,750.06,752.80,744.29,368791
"GOOGL",764.39,"4/4/2016","10:48am",-5.28,769.51,772.44,764.00,419523
"GPC",98.70,"4/4/2016","10:48am",-1.02,98.93,99.04,98.25,207727
"GPS",29.83,"4/4/2016","10:49am",+0.60,29.69,30.10,29.55,1782723
"GRMN",39.82,"4/4/2016","10:49am",+0.13,39.79,39.98,39.46,153700
"GS",159.47,"4/4/2016","10:49am",-0.35,159.97,160.00,157.39,815299
"GT",31.59,"4/4/2016","10:48am",-0.90,32.37,32.45,31.51,677836
"GWW",232.639,"4/4/2016","10:49am",-1.741,233.850,234.610,231.640,83948
"HAL",35.16,"4/4/2016","10:49am",+0.07,34.85,35.30,34.42,2284456
"HAR",85.81,"4/4/2016","10:49am",-0.94,86.59,86.83,85.04,266237
"HAS",80.01,"4/4/2016","10:49am",+0.82,79.37,80.44,79.29,183744
"HBAN",9.565,"4/4/2016","10:48am",+0.005,9.600,9.610,9.460,4095225
"HBI",28.17,"4/4/2016","10:48am",-0.26,28.37,28.51,28.11,315970
"HCA",78.51,"4/4/2016","10:49am",-0.69,79.25,79.25,78.44,337384
"HCN",69.55,"4/4/2016","10:49am",+0.39,69.39,69.81,69.17,229650
"HCP",33.08,"4/4/2016","10:48am",+0.47,32.77,33.23,32.64,527551
"HD",134.76,"4/4/2016","10:48am",-0.09,136.07,136.23,134.70,1056034
"HES",52.43,"4/4/2016","10:48am",+0.40,52.54,52.88,51.59,611385
"HIG",46.46,"4/4/2016","10:49am",-0.34,46.75,46.87,46.46,458079
"HOG",51.735,"4/4/2016","10:49am",+0.075,51.650,52.000,51.400,363433
"HOLX",35.07,"4/4/2016","10:48am",+0.47,34.69,35.25,34.52,643751
"HON",112.74,"4/4/2016","10:48am",-0.49,113.42,113.42,112.53,321398
"HOT",79.38,"4/4/2016","10:49am",+0.00,79.32,79.60,79.08,1029883
"HP",57.79,"4/4/2016","10:49am",+1.16,56.93,57.94,55.96,457641
"HPE",18.04,"4/4/2016","10:49am",-0.36,18.45,18.45,18.04,1187705
"HPQ",12.09,"4/4/2016","10:49am",-0.17,12.24,12.30,12.09,3110627
"HRB",26.46,"4/4/2016","10:49am",+0.23,26.24,26.50,26.20,552234
"HRL",43.33,"4/4/2016","10:49am",-0.58,43.93,43.98,43.24,529587
"HRS",77.56,"4/4/2016","10:49am",-0.24,77.82,77.93,77.35,204847
"HSIC",171.90,"4/4/2016","10:48am",-1.00,172.69,173.14,171.76,52220
"HST",15.975,"4/4/2016","10:49am",-0.085,16.000,16.040,15.870,1926754
"HSY",92.52,"4/4/2016","10:49am",-1.19,93.81,94.17,92.33,207705
"HUM",185.00,"4/4/2016","10:48am",+0.26,185.00,187.80,184.21,231302
"IBM",152.791,"4/4/2016","10:49am",+0.271,152.340,153.210,152.020,643236
"ICE",235.08,"4/4/2016","10:48am",-0.62,235.25,235.26,232.84,175946
"IFF",114.895,"4/4/2016","10:49am",-1.485,116.440,116.440,114.650,85430
"ILMN",166.70,"4/4/2016","10:48am",-0.16,167.75,169.83,166.12,211767
"INTC",32.115,"4/4/2016","10:49am",-0.335,32.220,32.380,31.980,5020849
"INTU",104.98,"4/4/2016","10:49am",+0.29,104.91,105.28,104.63,166093
"IP",40.84,"4/4/2016","10:49am",-0.13,41.02,41.12,40.78,609790
"IPG",22.995,"4/4/2016","10:49am",-0.075,23.160,23.270,22.995,808064
"IR",61.70,"4/4/2016","10:48am",-0.38,61.96,62.04,61.48,255574
"IRM",32.60,"4/4/2016","10:48am",-0.13,32.72,32.73,32.48,229117
"ISRG",616.12,"4/4/2016","10:49am",+9.62,607.50,616.75,603.28,74894
"ITW",103.02,"4/4/2016","10:48am",-0.42,103.47,103.70,102.92,255087
"IVZ",31.45,"4/4/2016","10:49am",+0.07,31.34,31.56,31.05,918581
"JBHT",85.01,"4/4/2016","10:48am",+0.52,84.83,85.26,84.24,83726
"JCI",39.07,"4/4/2016","10:49am",-0.08,39.19,39.19,38.81,777440
"JEC",43.23,"4/4/2016","10:48am",-0.53,43.72,43.77,43.23,90171
"JNJ",108.52,"4/4/2016","10:49am",-0.67,108.82,109.10,108.51,1457918
"JNPR",25.225,"4/4/2016","10:49am",-0.335,25.450,25.510,24.920,1229758
"JPM",59.29,"4/4/2016","10:48am",-0.14,59.44,59.56,58.96,3714010
"JWN",56.84,"4/4/2016","10:48am",-0.39,57.15,57.42,56.77,253646
"K",77.425,"4/4/2016","10:49am",-0.435,77.880,77.955,77.000,540945
"KEY",11.105,"4/4/2016","10:49am",+0.135,10.940,11.220,10.890,3385712
"KHC",78.60,"4/4/2016","10:49am",-0.48,78.97,79.09,78.38,854702
"KIM",28.35,"4/4/2016","10:49am",-0.28,28.64,28.68,28.35,284490
"KLAC",72.65,"4/4/2016","10:48am",-0.40,73.16,73.23,72.56,158991
"KMB",135.74,"4/4/2016","10:49am",-0.46,136.18,136.90,135.61,285265
"KMI",17.4601,"4/4/2016","10:49am",+0.1501,17.3200,17.5800,17.1462,4221582
"KMX",51.24,"4/4/2016","10:49am",-0.51,51.74,51.75,51.22,649720
"KO",46.5946,"4/4/2016","10:49am",-0.2354,46.8400,46.9300,46.5001,2946257
"KORS",58.04,"4/4/2016","10:49am",+1.07,57.39,58.63,56.88,751978
"KR",38.17,"4/4/2016","10:49am",-0.15,38.32,38.46,38.13,1213166
"KSS",46.08,"4/4/2016","10:48am",+0.34,45.92,46.41,45.72,316122
"KSU",86.82,"4/4/2016","10:49am",+1.00,85.63,87.11,85.32,223919
"L",38.40,"4/4/2016","10:48am",-0.13,38.60,38.62,38.36,96911
"LB",87.06,"4/4/2016","10:48am",-1.02,88.10,88.37,87.06,133135
"LEG",48.565,"4/4/2016","10:49am",+0.045,48.410,48.930,48.410,161406
"LEN",46.87,"4/4/2016","10:48am",-0.58,47.45,47.50,46.81,517473
"LH",118.21,"4/4/2016","10:49am",-0.22,118.63,119.40,118.04,62818
"LLL",119.20,"4/4/2016","10:48am",+0.66,118.27,119.86,118.03,56359
"LLTC",44.75,"4/4/2016","10:49am",-0.25,45.07,45.10,44.72,345887
"LLY",73.21,"4/4/2016","10:48am",-0.21,73.56,73.79,73.20,560289
"LM",33.57,"4/4/2016","10:49am",-0.90,34.33,34.38,33.50,450276
"LMT",223.5706,"4/4/2016","10:48am",+0.4606,223.2200,224.9000,223.1500,200476
"LNC",39.85,"4/4/2016","10:49am",+0.04,39.75,40.06,39.40,356311
"LOW",76.49,"4/4/2016","10:49am",-0.01,77.50,77.50,76.48,872498
"LRCX",82.15,"4/4/2016","10:49am",-0.78,82.98,82.98,81.82,515785
"LUK",16.21,"4/4/2016","10:48am",-0.02,16.23,16.27,16.03,272467
"LUV",44.874,"4/4/2016","10:49am",+0.314,44.760,45.105,44.200,1391947
"LVLT",53.015,"4/4/2016","10:49am",-0.045,53.260,53.520,52.900,318426
"LYB",87.03,"4/4/2016","10:49am",+0.20,86.74,87.68,86.30,566848
"M",42.7429,"4/4/2016","10:49am",-0.2171,43.1000,43.1300,42.7100,1066874
"MA",94.58,"4/4/2016","10:49am",-1.29,96.01,96.10,94.58,1161289
"MAC",79.18,"4/4/2016","10:49am",-0.62,79.91,80.12,79.15,92086
"MAR",67.01,"4/4/2016","10:49am",-0.12,67.13,67.36,66.73,1270795
"MAS",31.645,"4/4/2016","10:48am",-0.395,32.000,32.080,31.640,585487
"MAT",34.22,"4/4/2016","10:48am",-0.04,34.49,34.75,34.04,769795
"MCD",127.07,"4/4/2016","10:49am",+0.05,127.05,127.64,126.89,947294
"MCHP",48.02,"4/4/2016","10:48am",-0.26,48.18,48.34,47.84,624402
"MCK",160.39,"4/4/2016","10:49am",+2.98,157.24,161.78,157.00,376944
"MCO",96.98,"4/4/2016","10:49am",-0.58,97.69,98.11,96.95,119031
"MDLZ",41.025,"4/4/2016","10:49am",-0.215,41.140,41.290,40.830,1864346
"MDT",76.35,"4/4/2016","10:49am",+0.98,75.92,76.68,75.69,1901569
"MET",44.1201,"4/4/2016","10:49am",-0.4399,44.6300,44.6300,44.1201,839709
"MHFI",98.61,"4/4/2016","10:48am",-0.69,99.00,99.13,98.07,187823
"MHK",190.61,"4/4/2016","10:48am",-1.80,192.62,192.62,190.35,34635
"MJN",83.95,"4/4/2016","10:49am",-2.11,83.90,84.45,82.43,815014
"MKC",99.79,"4/4/2016","10:49am",-0.74,100.50,100.91,99.53,216020
"MLM",159.62,"4/4/2016","10:48am",-2.43,161.50,161.50,159.19,100720
"MMC",61.31,"4/4/2016","10:48am",-0.06,61.36,61.61,61.25,280616
"MMM",166.675,"4/4/2016","10:49am",-0.855,167.110,167.490,166.430,501300
"MNK",64.09,"4/4/2016","10:49am",-0.22,64.18,64.50,63.04,554614
"MNST",133.94,"4/4/2016","10:49am",-0.85,134.84,135.41,133.65,161646
"MO",62.87,"4/4/2016","10:49am",-0.19,63.03,63.29,62.67,1152789
"MON",87.40,"4/4/2016","10:48am",-0.47,87.84,88.30,87.38,503393
"MOS",26.36,"4/4/2016","10:49am",-0.48,26.38,26.65,26.11,1138062
"MPC",36.98,"4/4/2016","10:49am",+0.59,36.05,37.23,36.00,861500
"MRK",54.24,"4/4/2016","10:49am",+0.54,53.91,54.30,53.75,2288257
"MRO",10.92,"4/4/2016","10:49am",+0.36,10.52,11.00,10.41,7204847
"MS",25.285,"4/4/2016","10:49am",-0.245,25.490,25.510,24.970,3446258
"MSFT",55.195,"4/4/2016","10:49am",-0.375,55.410,55.660,55.000,5148193
"MSI",75.94,"4/4/2016","10:48am",-0.17,75.40,76.00,75.13,360727
"MTB",112.59,"4/4/2016","10:48am",+0.17,112.15,112.97,111.59,58311
"MU",11.105,"4/4/2016","10:49am",+0.075,11.060,11.220,10.775,7815172
"MUR",24.51,"4/4/2016","10:49am",+0.25,24.29,24.70,23.56,825206
"MYL",48.13,"4/4/2016","10:49am",+0.63,47.49,48.46,47.40,663073
"NAVI",11.8404,"4/4/2016","10:48am",+0.1904,11.6200,11.9000,11.5300,659204
"NBL",30.92,"4/4/2016","10:49am",+0.06,31.22,31.53,30.52,721257
"NDAQ",65.29,"4/4/2016","10:49am",-0.80,66.39,66.39,65.21,270632
"NEE",118.39,"4/4/2016","10:48am",-0.32,119.03,119.18,117.94,266892
"NEM",26.37,"4/4/2016","10:49am",-0.25,26.60,26.61,26.12,1195231
"NFLX",103.91,"4/4/2016","10:49am",-1.79,105.90,105.92,103.71,4077539
"NFX",32.91,"4/4/2016","10:49am",+0.28,32.71,33.15,32.24,533908
"NI",23.51,"4/4/2016","10:48am",-0.31,23.81,23.92,23.42,549400
"NKE",60.36,"4/4/2016","10:49am",-1.23,61.73,61.85,60.34,4044442
"NLSN",53.02,"4/4/2016","10:49am",-0.43,53.33,53.52,52.49,562076
"NOC",200.701,"4/4/2016","10:49am",+0.391,200.810,201.950,200.490,178402
"NOV",29.80,"4/4/2016","10:49am",+0.27,29.59,29.95,29.18,1008541
"NRG",13.13,"4/4/2016","10:49am",+0.36,12.77,13.27,12.62,1595898
"NSC",83.74,"4/4/2016","10:48am",+0.77,83.13,84.09,82.91,175280
"NTAP",26.635,"4/4/2016","10:48am",-0.335,26.890,26.890,26.530,441965
"NTRS",66.25,"4/4/2016","10:49am",+0.40,65.87,66.53,65.19,195875
"NUE",47.20,"4/4/2016","10:49am",-0.32,47.41,47.78,47.10,515421
"NVDA",35.925,"4/4/2016","10:49am",-0.225,36.450,36.640,35.920,3194151
"NWL",45.19,"4/4/2016","10:49am",-0.35,45.54,45.56,45.07,1394435
"NWS",13.38,"4/4/2016","10:48am",-0.15,13.51,13.51,13.35,361493
"NWSA",12.90,"4/4/2016","10:48am",-0.13,13.00,13.06,12.87,877226
"O",62.01,"4/4/2016","10:49am",-0.24,62.26,62.80,61.66,404822
"OI",16.02,"4/4/2016","10:48am",-0.07,16.10,16.19,15.92,277467
"OKE",28.97,"4/4/2016","10:48am",+0.24,28.60,29.41,28.32,378068
"OMC",83.77,"4/4/2016","10:48am",-0.13,83.85,84.02,83.64,402479
"ORCL",40.99,"4/4/2016","10:49am",-0.17,41.15,41.18,40.97,1737778
"ORLY",272.68,"4/4/2016","10:48am",-5.14,277.69,277.69,272.68,96196
"OXY",68.78,"4/4/2016","10:49am",+0.58,68.47,68.91,67.77,802167
"PAYX",53.85,"4/4/2016","10:48am",-0.32,54.42,54.45,53.85,216386
"PBCT",16.005,"4/4/2016","10:49am",-0.125,16.140,16.140,16.000,597573
"PBI",21.445,"4/4/2016","10:48am",-0.095,21.490,21.520,21.360,168068
"PCAR",54.03,"4/4/2016","10:48am",-0.18,54.11,54.21,53.58,242437
"PCG",59.51,"4/4/2016","10:49am",-0.32,59.99,60.03,59.37,463601
"PCLN",1283.35,"4/4/2016","10:48am",-16.35,1297.55,1298.20,1282.00,94948
"PDCO",46.43,"4/4/2016","10:49am",+0.08,46.47,46.64,46.37,79144
"PEG",46.92,"4/4/2016","10:49am",-0.40,47.32,47.37,46.65,781678
"PEP",103.02,"4/4/2016","10:49am",-0.76,103.80,103.95,102.89,848831
"PFE",30.5754,"4/4/2016","10:49am",+0.5354,30.0900,30.6700,30.0600,10584823
"PFG",39.57,"4/4/2016","10:49am",-0.31,39.79,39.80,39.49,196694
"PG",83.11,"4/4/2016","10:49am",-0.42,83.65,83.65,83.07,1336700
"PGR",35.235,"4/4/2016","10:48am",-0.245,35.470,35.540,35.235,407309
"PH",110.74,"4/4/2016","10:49am",-1.08,111.89,111.89,110.23,184086
"PHM",17.25,"4/4/2016","10:49am",-1.17,18.43,18.63,17.19,4838427
"PKI",50.70,"4/4/2016","10:48am",+0.36,50.29,50.99,50.29,84489
"PLD",44.54,"4/4/2016","10:49am",-0.08,44.69,44.78,44.40,327027
"PM",99.9075,"4/4/2016","10:49am",+0.1575,99.9600,100.4800,99.4700,1063284
"PNC",85.61,"4/4/2016","10:49am",+0.32,85.09,85.99,84.70,398568
"PNR",53.35,"4/4/2016","10:48am",-0.20,53.48,53.61,52.99,144207
"PNW",75.11,"4/4/2016","10:48am",-0.38,75.60,75.81,74.88,176036
"PPG",112.00,"4/4/2016","10:49am",-1.11,113.15,113.23,112.00,265118
"PPL",37.85,"4/4/2016","10:49am",-0.34,38.24,38.30,37.78,637479
"PRGO",129.28,"4/4/2016","10:49am",+2.55,127.00,129.60,126.75,320233
"PRU",72.97,"4/4/2016","10:48am",-0.28,73.12,73.28,72.50,373037
"PSA",275.61,"4/4/2016","10:49am",+0.09,275.40,277.06,274.41,131051
"PSX",86.25,"4/4/2016","10:49am",+0.58,85.70,86.66,85.29,415360
"PVH",98.41,"4/4/2016","10:49am",-0.98,99.16,99.49,98.24,180018
"PWR",22.40,"4/4/2016","10:48am",-0.06,22.44,22.58,22.33,332834
"PX",115.21,"4/4/2016","10:48am",-0.03,114.50,115.60,114.30,230660
"PXD",141.25,"4/4/2016","10:48am",+1.49,140.83,143.59,138.85,409482
"PYPL",38.64,"4/4/2016","10:49am",-0.76,39.36,39.38,38.62,1117008
"QCOM",50.98,"4/4/2016","10:48am",+0.10,50.81,51.11,50.56,1387938
"QRVO",50.84,"4/4/2016","10:49am",+0.02,50.93,51.25,50.61,187290
"R",64.85,"4/4/2016","10:48am",+0.65,64.10,65.21,63.60,131465
"RAI",50.17,"4/4/2016","10:49am",-0.16,50.26,50.51,49.97,789274
"RCL",82.49,"4/4/2016","10:48am",+0.61,82.09,82.88,81.71,530836
"REGN",402.53,"4/4/2016","10:49am",-2.72,403.69,408.44,399.06,418467
"RF",7.925,"4/4/2016","10:49am",+0.035,7.870,7.970,7.800,4473868
"RHI",47.02,"4/4/2016","10:49am",-0.18,47.20,47.26,46.94,122038
"RHT",75.78,"4/4/2016","10:48am",+0.26,75.54,76.00,75.10,270241
"RIG",8.955,"4/4/2016","10:49am",+0.375,8.580,9.010,8.550,5698855
"RL",95.58,"4/4/2016","10:48am",-1.68,97.52,97.73,95.48,137626
"ROK",112.97,"4/4/2016","10:49am",-0.59,113.22,113.54,112.39,136416
"ROP",181.67,"4/4/2016","10:48am",-2.99,184.59,184.59,181.67,74275
"ROST",58.56,"4/4/2016","10:48am",-0.08,58.87,58.99,58.41,557986
"RRC",34.20,"4/4/2016","10:49am",+1.75,32.86,34.91,32.86,1364163
"RSG",46.73,"4/4/2016","10:48am",-1.51,47.05,47.21,46.39,1425632
"RTN",124.72,"4/4/2016","10:48am",+2.22,123.08,125.96,123.00,1172910
"SBUX",60.56,"4/4/2016","10:49am",-0.46,61.14,61.18,60.40,1458244
"SCG",70.39,"4/4/2016","10:48am",-0.71,71.06,71.27,70.17,193844
"SCHW",28.21,"4/4/2016","10:49am",-0.17,28.35,28.52,28.10,1491204
"SE",30.48,"4/4/2016","10:49am",+0.38,30.24,30.55,30.10,734467
"SEE",48.63,"4/4/2016","10:48am",+0.14,48.67,48.96,48.40,153230
"SHW",285.81,"4/4/2016","10:49am",-1.84,288.02,288.02,283.58,129239
"SIG",122.95,"4/4/2016","10:48am",-1.02,124.00,124.09,122.54,122670
"SJM",128.03,"4/4/2016","10:49am",-4.49,130.06,130.81,126.93,703931
"SLB",72.80,"4/4/2016","10:49am",+0.68,72.44,72.92,71.90,2896213
"SLG",96.46,"4/4/2016","10:49am",-0.20,96.62,97.40,96.07,92747
"SNA",157.06,"4/4/2016","10:48am",-2.18,158.90,158.90,156.95,86771
"SNDK",76.17,"4/4/2016","10:49am",-0.03,76.33,76.40,76.04,238304
"SNI",67.47,"4/4/2016","10:48am",+0.06,67.77,68.44,67.23,297520
"SO",51.35,"4/4/2016","10:48am",-0.35,51.71,51.78,51.13,795982
"SPG",208.36,"4/4/2016","10:48am",-0.74,209.43,210.41,208.23,132909
"SPLS",11.135,"4/4/2016","10:49am",-0.045,11.190,11.280,11.090,1153897
"SRCL",127.53,"4/4/2016","10:49am",-0.10,127.33,128.21,126.82,218020
"SRE",105.275,"4/4/2016","10:48am",-0.645,105.590,105.590,104.940,220591
"STI",36.83,"4/4/2016","10:48am",+0.21,36.59,37.01,36.33,729361
"STJ",56.195,"4/4/2016","10:49am",+1.005,55.350,56.430,55.350,798904
"STT",58.9075,"4/4/2016","11:04am",-0.0425,58.9700,59.3900,58.5100,454771
"STX",33.415,"4/4/2016","10:49am",-0.275,33.670,33.840,33.230,426322
"STZ",150.935,"4/4/2016","10:43am",-1.745,153.170,153.215,150.740,275277
"SWK",105.99,"4/4/2016","10:49am",-0.65,106.54,106.54,105.77,175855
"SWKS",77.46,"4/4/2016","10:48am",-0.72,78.36,78.46,77.35,458864
"SWN",8.775,"4/4/2016","10:49am",+0.965,7.960,8.860,7.880,7229494
"SYF",29.0389,"4/4/2016","10:49am",-0.2911,29.2400,29.3600,29.0200,856891
"SYK",109.12,"4/4/2016","10:48am",+0.60,109.00,109.43,108.53,308872
"SYMC",18.575,"4/4/2016","10:49am",+0.165,18.460,18.615,18.380,1571724
"SYY",46.87,"4/4/2016","10:49am",-0.21,47.05,47.15,46.75,533756
"T",39.165,"4/4/2016","10:49am",+0.115,39.160,39.250,39.070,4139716
"TAP",96.56,"4/4/2016","10:48am",-0.39,96.71,97.25,96.55,185846
"TDC",25.50,"4/4/2016","10:48am",-0.15,25.65,25.65,25.29,282246
"TE",27.51,"4/4/2016","10:48am",-0.05,27.54,27.54,27.50,380109
"TEL",61.52,"4/4/2016","10:48am",-0.53,61.97,62.04,61.52,140931
"TGNA",23.32,"4/4/2016","10:48am",+0.51,22.89,23.55,22.81,308090
"TGT",82.83,"4/4/2016","10:49am",+0.07,82.89,83.36,82.81,811247
"THC",28.87,"4/4/2016","10:49am",-0.02,28.89,29.16,28.63,163337
"TIF",73.5801,"4/4/2016","10:49am",-0.1899,73.6200,74.0600,73.2100,464949
"TJX",78.62,"4/4/2016","10:48am",-0.16,79.00,79.20,78.52,428230
"TMK",54.355,"4/4/2016","10:49am",-0.335,54.590,54.670,54.290,53515
"TMO",143.75,"4/4/2016","10:49am",+1.08,142.18,144.20,142.16,323512
"TRIP",65.9601,"4/4/2016","10:49am",-1.2699,67.4400,67.5000,65.9500,229991
"TROW",73.37,"4/4/2016","10:48am",-0.58,73.98,73.98,73.25,169786
"TRV",117.78,"4/4/2016","10:48am",+0.38,117.65,118.28,117.47,306386
"TSCO",90.54,"4/4/2016","10:48am",-1.27,91.65,92.00,90.53,120143
"TSN",67.40,"4/4/2016","10:49am",-0.69,68.05,68.30,67.21,460101
"TSO",84.575,"4/4/2016","10:49am",+1.625,81.840,84.990,81.770,637213
"TSS",48.49,"4/4/2016","10:49am",-0.01,48.60,48.71,48.31,226521
"TWC",206.125,"4/4/2016","10:49am",+1.095,205.950,206.190,205.040,192086
"TWX",73.72,"4/4/2016","10:49am",+0.73,73.46,74.00,72.58,1887841
"TXN",57.695,"4/4/2016","10:49am",-0.245,57.790,57.950,57.560,738805
"TXT",36.54,"4/4/2016","10:48am",-0.15,36.69,36.86,36.44,213192
"TYC",36.67,"4/4/2016","10:48am",-0.14,36.77,36.86,36.67,378246
"UA",84.0295,"4/4/2016","10:49am",-0.6705,85.1600,85.1900,83.9500,512060
"UAL",57.155,"4/4/2016","10:49am",+0.435,56.590,57.600,56.080,1432033
"UDR",38.51,"4/4/2016","10:49am",+0.13,38.48,38.61,38.37,175470
"UHS",124.18,"4/4/2016","10:48am",-1.21,125.31,125.86,124.00,174653
"UNH",129.10,"4/4/2016","10:49am",-0.82,130.50,130.70,128.88,591882
"UNM",31.29,"4/4/2016","10:48am",-0.07,31.31,31.51,31.06,272912
"UNP",79.885,"4/4/2016","10:49am",+0.965,78.720,80.020,78.590,822057
"UPS",105.59,"4/4/2016","10:48am",+0.64,105.04,105.74,104.72,1063230
"URBN",34.37,"4/4/2016","10:49am",+0.08,34.50,34.77,34.31,364380
"URI",60.64,"4/4/2016","10:49am",-0.17,60.54,61.15,59.50,456376
"USB",40.76,"4/4/2016","10:49am",+0.06,40.68,40.85,40.42,1072423
"UTX",100.57,"4/4/2016","10:49am",+0.60,100.30,101.18,99.80,1179411
"V",77.70,"4/4/2016","10:49am",+0.11,77.97,78.16,77.62,2127438
"VAR",81.81,"4/4/2016","10:48am",+0.66,81.50,81.88,81.24,72976
"VFC",65.02,"4/4/2016","10:48am",-0.22,65.31,65.41,64.96,213952
"VIAB",40.01,"4/4/2016","10:49am",-1.16,40.95,41.94,39.91,543946
"VMC",105.56,"4/4/2016","10:48am",-1.65,107.04,107.04,105.55,160421
"VNO",95.01,"4/4/2016","10:48am",+0.30,94.71,95.32,94.71,122537
"VRSK",79.59,"4/4/2016","10:48am",-0.60,80.01,81.59,79.57,100842
"VRSN",90.30,"4/4/2016","10:48am",+0.66,90.13,91.14,90.12,134695
"VRTX",81.47,"4/4/2016","10:48am",+2.32,79.81,82.76,79.19,741684
"VTR",63.52,"4/4/2016","10:49am",+0.29,63.44,63.84,63.18,362117
"VZ",53.99,"4/4/2016","10:49am",-0.02,54.03,54.17,53.80,2509592
"WAT",133.43,"4/4/2016","10:49am",+0.02,133.36,134.26,133.21,76182
"WBA",86.17,"4/4/2016","10:48am",-0.53,86.64,86.79,86.11,1273379
"WDC",46.56,"4/4/2016","10:49am",-0.04,46.41,47.00,46.05,883041
"WEC",59.53,"4/4/2016","10:49am",-0.44,60.00,60.32,59.29,350635
"WFC",48.445,"4/4/2016","10:49am",-0.005,48.420,48.669,48.230,3525066
"WFM",30.39,"4/4/2016","10:49am",-0.13,30.58,30.77,30.37,882300
"WHR",184.03,"4/4/2016","10:49am",+0.72,183.94,184.69,182.96,229075
"WLTW",119.21,"4/4/2016","10:48am",-0.72,119.66,120.35,118.89,115107
"WM",58.67,"4/4/2016","10:48am",-0.50,59.06,59.13,58.52,440235
"WMB",15.56,"4/4/2016","10:49am",+0.04,15.42,15.71,15.31,1461463
"WMT",69.04,"4/4/2016","10:48am",-0.02,69.00,69.28,68.94,1835184
"WRK",39.04,"4/4/2016","10:49am",-0.16,39.00,39.39,38.78,208552
"WU",19.485,"4/4/2016","10:48am",-0.005,19.500,19.580,19.454,749962
"WY",31.31,"4/4/2016","10:49am",+0.16,31.11,31.45,30.95,1386304
"WYN",75.205,"4/4/2016","10:49am",-0.185,75.360,75.535,75.130,130967
"WYNN",94.9964,"4/4/2016","10:49am",+0.2564,94.5600,96.2200,93.7000,801018
"XEC",97.835,"4/4/2016","10:48am",+0.075,98.520,98.610,96.420,180943
"XEL",41.57,"4/4/2016","10:49am",-0.37,42.01,42.04,41.42,748244
"XL",37.04,"4/4/2016","10:49am",-0.12,37.20,37.22,37.02,210741
"XLNX",47.22,"4/4/2016","10:49am",-0.40,47.64,47.64,47.22,292686
"XLNX",47.22,"4/4/2016","10:49am",-0.40,47.64,47.64,47.22,292686
"XOM",83.635,"4/4/2016","10:49am",+0.675,83.060,83.900,82.780,2261069
"XRAY",61.40,"4/4/2016","10:49am",-0.09,61.53,62.13,61.38,166436
"XRX",11.145,"4/4/2016","10:49am",+0.045,11.080,11.220,11.050,1995284
"XRX",11.145,"4/4/2016","10:49am",+0.045,11.080,11.220,11.050,1995284
"XYL",40.91,"4/4/2016","10:48am",-0.34,41.11,41.16,40.91,205078
"YHOO",37.18,"4/4/2016","10:49am",+0.70,36.55,37.50,36.54,6290428
"YHOO",37.18,"4/4/2016","10:49am",+0.70,36.55,37.50,36.54,6290428
"YUM",82.07,"4/4/2016","10:49am",-0.20,82.46,82.50,81.89,727558
"ZBH",108.25,"4/4/2016","10:48am",+0.88,107.72,108.62,107.68,303741
"ZION",24.43,"4/4/2016","10:48am",+0.26,24.20,24.58,24.00,849063
"ZTS",45.411,"4/4/2016","10:49am",+0.421,45.100,45.650,45.030,800409